<?xml version="1.0" encoding="UTF-8"?>
<metadata xml:lang="zh"><Esri><CreaDate>20210603</CreaDate><CreaTime>23011400</CreaTime><ArcGISFormat>1.0</ArcGISFormat><SyncOnce>TRUE</SyncOnce><DataProperties><lineage><Process ToolSource="d:\应用\arcgis10.2\desktop\desktop10.2\ArcToolbox\Toolboxes\Data Management Tools.tbx\CreateFishnet" Date="20210328" Time="011651">CreateFishnet C:\Users\89245\Desktop\01路网测试\fishnet_500.shp "1113016.3992 3386494.7461" "1113016.3992 3386504.7461" 500 500 # # "1122801.3059 3394315.9597" NO_LABELS extent POLYGON</Process><Process ToolSource="d:\应用\arcgis10.2\desktop\desktop10.2\ArcToolbox\Toolboxes\Data Management Tools.tbx\Project" Date="20210328" Time="014339">Project fishnet_500 "C:\Users\89245\Desktop\01 投影过的路网数据\网格.shp" PROJCS['Beijing_1954_3_Degree_GK_CM_114E',GEOGCS['GCS_Beijing_1954',DATUM['D_Beijing_1954',SPHEROID['Krasovsky_1940',6378245.0,298.3]],PRIMEM['Greenwich',0.0],UNIT['Degree',0.0174532925199433]],PROJECTION['Gauss_Kruger'],PARAMETER['False_Easting',500000.0],PARAMETER['False_Northing',0.0],PARAMETER['Central_Meridian',114.0],PARAMETER['Scale_Factor',1.0],PARAMETER['Latitude_Of_Origin',0.0],UNIT['Meter',1.0]] # PROJCS['Beijing_1954_3_Degree_GK_CM_108E',GEOGCS['GCS_Beijing_1954',DATUM['D_Beijing_1954',SPHEROID['Krasovsky_1940',6378245.0,298.3]],PRIMEM['Greenwich',0.0],UNIT['Degree',0.0174532925199433]],PROJECTION['Gauss_Kruger'],PARAMETER['False_Easting',500000.0],PARAMETER['False_Northing',0.0],PARAMETER['Central_Meridian',108.0],PARAMETER['Scale_Factor',1.0],PARAMETER['Latitude_Of_Origin',0.0],UNIT['Meter',1.0]]</Process><Process ToolSource="d:\app\arcgis10.2\desktop10.2\ArcToolbox\Toolboxes\Data Management Tools.tbx\CalculateField" Date="20210511" Time="103025">CalculateField 网格 Id [FID] VB #</Process></lineage></DataProperties></Esri></metadata>
